case_no,player,team,games,minutes,x2P,x3P,TRB,AST,STL,BLK
1,Anthony Davis,NOP,75,2727,0.265859919,0.020168684,0.305097176,0.063806381,0.042170884,0.070773744
2,LeBron James,CLE,82,3026,0.233972241,0.049239921,0.23430271,0.246860542,0.038334435,0.023463318
3,Kyrie Irving,BOS,60,1931,0.190574832,0.085965821,0.117555671,0.158467115,0.033661315,0.008803729
4,LaMarcus Aldridge,SAS,75,2509,0.263053009,0.010761259,0.25308888,0.060581905,0.017138302,0.035870865
5,Kevin Durant,GSW,68,2325,0.19655914,0.074408602,0.199569892,0.157419355,0.021505376,0.051182796
6,Giannis Antetokounmpo,MIL,75,2756,0.253628447,0.015602322,0.273222061,0.130986938,0.039550073,0.038461538
7,Montrezl Harrell,LAC,76,1293,0.268368136,0.000773395,0.236658933,0.057231245,0.027842227,0.040216551
8,Joel Embiid,PHI,63,1912,0.232217573,0.034518828,0.360878661,0.104079498,0.020920502,0.058054393
9,Stephen Curry,GSW,51,1631,0.13243409,0.129981606,0.160024525,0.190067443,0.049049663,0.004904966
10,Russell Westbrook,OKC,80,2914,0.226492793,0.033287577,0.275909403,0.281400137,0.050446122,0.006863418
11,James Harden,HOU,72,2551,0.151313211,0.103880831,0.15248922,0.246961976,0.049392395,0.019600157
12,Kristaps Porzingis,NYK,48,1553,0.193174501,0.05795235,0.203477141,0.036703155,0.02318094,0.074050225
13,Victor Oladipo,IND,75,2552,0.187695925,0.063087774,0.152821317,0.126567398,0.069357367,0.022335423
14,Kawhi Leonard,SAS,9,210,0.195238095,0.052380952,0.2,0.1,0.085714286,0.042857143
15,Michael Beasley,NYK,74,1653,0.226860254,0.020568663,0.250453721,0.074410163,0.021778584,0.026013309
16,T.J. Warren,PHO,65,2142,0.237628385,0.009337068,0.155462185,0.03968254,0.030345472,0.01914099
17,Trey Burke,NYK,36,785,0.197452229,0.048407643,0.09044586,0.21656051,0.030573248,0.005095541
18,Devin Booker,PHO,54,1865,0.165147453,0.078820375,0.130831099,0.135656836,0.025201072,0.007506702
19,Dennis Schroder,ATL,67,2078,0.204042348,0.036573628,0.100096246,0.200673725,0.034648701,0.002887392
20,Zach Randolph,SAC,59,1508,0.205570292,0.033819629,0.263262599,0.084217507,0.027851459,0.0066313
21,DeMar DeRozan,TOR,80,2711,0.205090373,0.032829214,0.116193287,0.153817779,0.031353744,0.008115087
22,Nikola Vucevic,ORL,57,1683,0.199049317,0.038027332,0.310754605,0.113487819,0.033273916,0.036838978
23,Boban Marjanovic,TOT,39,337,0.234421365,0,0.427299703,0.065281899,0.029673591,0.03264095
24,DeMarcus Cousins,NOP,48,1737,0.173862982,0.059873345,0.355210132,0.147956246,0.045480714,0.043753598
25,Damian Lillard,POR,73,2670,0.147565543,0.085018727,0.121722846,0.180149813,0.028838951,0.01011236
26,Bobby Portis,CHI,73,1643,0.183810103,0.048691418,0.303104078,0.074863055,0.030432136,0.013998783
27,Enes Kanter,NYK,71,1830,0.230601093,0,0.426229508,0.057377049,0.019672131,0.020218579
28,Julius Randle,LAL,82,2190,0.225570776,0.00456621,0.298173516,0.095890411,0.019634703,0.020547945
29,Jusuf Nurkic,POR,79,2088,0.229885057,0,0.33908046,0.06848659,0.030651341,0.05316092
30,Klay Thompson,GSW,73,2506,0.138068635,0.091380686,0.110534717,0.073822825,0.021947326,0.013567438
31,Bradley Beal,WAS,82,2977,0.162579778,0.066845818,0.121934834,0.12529392,0.032247229,0.012092711
32,Al Jefferson,IND,36,484,0.229338843,0,0.295454545,0.061983471,0.033057851,0.047520661
33,Ante Zizic,CLE,32,214,0.228971963,0,0.280373832,0.023364486,0.009345794,0.060747664
34,Hassan Whiteside,MIA,54,1364,0.227272727,0.001466276,0.453079179,0.039589443,0.0271261,0.068914956
35,CJ McCollum,POR,81,2923,0.163530619,0.064659596,0.109818679,0.09305508,0.026342798,0.011973999
36,Jordan Clarkson,TOT,81,1888,0.168432203,0.059322034,0.114936441,0.117055085,0.030720339,0.003177966
37,Tyreke Evans,MEM,52,1607,0.156813939,0.070939639,0.164903547,0.167392657,0.03546982,0.010578718
38,Jonas Valanciunas,TOR,77,1727,0.208453966,0.017371164,0.382165605,0.046902142,0.016792125,0.039953677
39,Donovan Mitchell,UTA,79,2638,0.154662623,0.070887036,0.112206217,0.110310842,0.044730857,0.010235027
40,D'Angelo Russell,BRK,48,1234,0.152350081,0.072933549,0.153160454,0.20178282,0.02917342,0.013776337
41,Lou Williams,LAC,79,2589,0.152954809,0.07184241,0.076477404,0.161066049,0.032831209,0.007338741
42,Blake Griffin,TOT,58,1970,0.164974619,0.056345178,0.217258883,0.169543147,0.020812183,0.009137056
43,JaVale McGee,GSW,65,615,0.221138211,0,0.274796748,0.053658537,0.034146341,0.092682927
44,Karl-Anthony Towns,MIN,82,2918,0.177861549,0.041124058,0.346812886,0.068197395,0.021932831,0.039410555
45,Jahlil Okafor,TOT,28,353,0.21529745,0.002832861,0.240793201,0.033994334,0.008498584,0.050991501
46,Clint Capela,HOU,74,2034,0.216814159,0,0.394296952,0.033431662,0.028515241,0.067354966
47,David West,GSW,73,999,0.213213213,0.003003003,0.238238238,0.138138138,0.047047047,0.075075075
48,Jabari Parker,MIL,31,743,0.173620458,0.041722746,0.203230148,0.079407806,0.033647376,0.01345895
49,Kemba Walker,CHO,80,2736,0.130482456,0.084429825,0.090277778,0.162280702,0.033260234,0.00877193
50,Brook Lopez,LAL,74,1735,0.148126801,0.064553314,0.16945245,0.072622478,0.017291066,0.05648415
51,Tobias Harris,TOT,80,2668,0.142053973,0.068590705,0.163793103,0.071964018,0.026611694,0.013118441
52,Jrue Holiday,NOP,81,2927,0.169115135,0.040997608,0.124701059,0.166040314,0.042022549,0.021865391
53,Greg Monroe,TOT,51,1040,0.209615385,0,0.336538462,0.109615385,0.042307692,0.022115385
54,Zach LaVine,CHI,24,656,0.143292683,0.06402439,0.143292683,0.109756098,0.036585366,0.006097561
55,Nikola Jokic,DEN,75,2443,0.160867786,0.045435939,0.328694228,0.187474417,0.036839951,0.0249693
56,Buddy Hield,SAC,80,2024,0.118577075,0.086956522,0.151679842,0.076581028,0.041996047,0.010869565
57,Rudy Gay,SAS,57,1231,0.1754671,0.030056864,0.236393176,0.059301381,0.037367994,0.030869212
58,Dwight Howard,CHO,81,2463,0.205034511,0.000406009,0.410881039,0.042630938,0.019488429,0.05318717
59,Reggie Jackson,DET,45,1201,0.161532057,0.043297252,0.104079933,0.198168193,0.022481266,0.003330558
60,Nikola Mirotic,TOT,55,1494,0.114457831,0.090361446,0.271084337,0.053547523,0.029451138,0.026104418
61,Marreese Speights,ORL,52,675,0.077037037,0.127407407,0.197037037,0.059259259,0.011851852,0.032592593
62,Harrison Barnes,DAL,77,2634,0.158694002,0.045178436,0.177676538,0.05770691,0.018602885,0.00531511
63,Goran Dragic,MIA,75,2378,0.1568545,0.046677881,0.129100084,0.150967199,0.026492851,0.005046257
64,Robin Lopez,CHI,64,1690,0.2,0.002366864,0.171597633,0.073372781,0.008284024,0.031360947
65,Kevin Love,CLE,59,1651,0.119321623,0.082980012,0.330708661,0.062386432,0.026044821,0.014536644
66,Jimmy Butler,MIN,59,2164,0.169593346,0.032347505,0.145101664,0.133086876,0.053604436,0.011090573
67,Eric Bledsoe,TOT,74,2322,0.147717485,0.053832903,0.122308355,0.159345392,0.06416882,0.018087855
68,Shabazz Muhammad,TOT,43,418,0.184210526,0.016746411,0.181818182,0.033492823,0.0215311,0.007177033
69,Evan Fournier,ORL,57,1837,0.131192161,0.069134458,0.097985846,0.089820359,0.025585193,0.008709853
70,Rodney Hood,TOT,60,1616,0.120668317,0.078589109,0.10210396,0.058787129,0.027846535,0.007425743
71,Paul George,OKC,79,2891,0.114839156,0.084399862,0.154617779,0.090971982,0.055690073,0.013490142
72,Ben Simmons,PHI,81,2732,0.199121523,0,0.241215227,0.241947291,0.05124451,0.025622255
73,Khris Middleton,MIL,82,2982,0.149899396,0.048960429,0.143863179,0.109993293,0.039906103,0.007042254
74,Chris Paul,HOU,58,1847,0.120736329,0.077964266,0.169463996,0.247428262,0.051976178,0.007579859
75,John Wall,WAS,41,1410,0.154609929,0.043971631,0.106382979,0.278723404,0.040425532,0.031914894
76,Aaron Gordon,ORL,58,1909,0.136196962,0.060240964,0.239392352,0.071241488,0.030906234,0.023572551
77,Mike Scott,WAS,76,1406,0.149359886,0.046941679,0.175675676,0.056899004,0.016358464,0.007112376
78,Kyle Kuzma,LAL,77,2401,0.128696377,0.066222407,0.201166181,0.058725531,0.020408163,0.014160766
79,Dwyane Wade,TOT,67,1536,0.173828125,0.020833333,0.1640625,0.1484375,0.039713542,0.030598958
80,Trey Lyles,DEN,73,1391,0.134435658,0.059669303,0.24946082,0.065420561,0.021567218,0.024442847
81,Jeremy Lamb,CHO,80,1967,0.145399085,0.04778851,0.164717844,0.094560244,0.031011693,0.016268429
82,Eric Gordon,HOU,69,2154,0.091457753,0.101207057,0.078922934,0.071494893,0.020427112,0.012534819
83,Dwight Buycks,DET,29,427,0.156908665,0.035128806,0.096018735,0.138173302,0.044496487,0.004683841
84,Andrew Wiggins,MIN,82,2979,0.153407184,0.037596509,0.120174555,0.053709298,0.030547163,0.017119839
85,Tim Hardaway,NYK,57,1885,0.122015915,0.068965517,0.118832891,0.082228117,0.032891247,0.00530504
86,Gary Harris,DEN,67,2304,0.123263889,0.067708333,0.076388889,0.084201389,0.052951389,0.006510417
87,J.J. Redick,PHI,70,2116,0.099716446,0.09120983,0.084120983,0.099243856,0.016540643,0.002835539
88,Ish Smith,DET,82,2043,0.173274596,0.017131669,0.109642682,0.176211454,0.031326481,0.009789525
89,Willie Cauley-Stein,SAC,73,2044,0.188356164,0.00146771,0.249510763,0.084148728,0.037671233,0.032778865
90,Willie Reed,TOT,42,428,0.186915888,0.002336449,0.28271028,0.023364486,0.021028037,0.051401869
91,J.J. Barea,DAL,69,1603,0.1172801,0.071740487,0.125389894,0.270742358,0.021834061,0.001871491
92,Carmelo Anthony,OKC,78,2501,0.121151539,0.067572971,0.181127549,0.041183527,0.018792483,0.019592163
93,Domantas Sabonis,IND,74,1810,0.180662983,0.00718232,0.316022099,0.083425414,0.022099448,0.017679558
94,Kris Dunn,CHI,52,1525,0.159344262,0.028196721,0.144918033,0.203278689,0.068196721,0.017704918
95,Jamal Murray,DEN,81,2565,0.122417154,0.064327485,0.115789474,0.106822612,0.03079922,0.010916179
96,Jamal Crawford,MIN,80,1653,0.123411978,0.06291591,0.059891107,0.111917725,0.024198427,0.005444646
97,Lauri Markkanen,CHI,68,2020,0.113366337,0.071782178,0.251485149,0.039108911,0.019306931,0.01980198
98,Willy Hernangomez,TOT,48,495,0.173737374,0.01010101,0.36969697,0.066666667,0.036363636,0.032323232
99,Joffrey Lauvergne,SAS,55,534,0.183520599,0,0.320224719,0.076779026,0.016853933,0.005617978
100,Derrick Favors,UTA,77,2153,0.176962378,0.006502555,0.256386438,0.047375755,0.025081282,0.038086391
101,Otto Porter,WAS,77,2432,0.126233553,0.056743421,0.202302632,0.064555921,0.047697368,0.016858553
102,Isaiah Thomas,TOT,32,862,0.118329466,0.063805104,0.077726218,0.1774942,0.017401392,0.003480278
103,Dirk Nowitzki,DAL,77,1900,0.109473684,0.072631579,0.230526316,0.063157895,0.022631579,0.023684211
104,Elfrid Payton,TOT,63,1808,0.165376106,0.01659292,0.151548673,0.217367257,0.04590708,0.012168142
105,Brandon Ingram,LAL,59,1975,0.160506329,0.020759494,0.158987342,0.116455696,0.02278481,0.021772152
106,Meyers Leonard,POR,33,254,0.137795276,0.043307087,0.275590551,0.066929134,0.027559055,0
107,Serge Ibaka,TOR,76,2093,0.129957,0.05112279,0.228380315,0.029622551,0.01385571,0.047300526
108,Marcus Morris,BOS,54,1447,0.121630961,0.05943331,0.199723566,0.04975812,0.024187975,0.00829302
109,Richaun Holmes,PHI,48,746,0.175603217,0.00536193,0.282841823,0.081769437,0.026809651,0.038873995
110,Gerald Green,HOU,41,929,0.062432723,0.118406889,0.143164693,0.026910657,0.02583423,0.016146394
111,Marc Gasol,MEM,73,2408,0.134966777,0.045265781,0.245847176,0.12666113,0.022425249,0.041943522
112,Steven Adams,OKC,76,2487,0.180136711,0,0.275432248,0.035383997,0.03699236,0.031363088
113,Nene Hilario,HOU,52,758,0.179419525,0,0.232189974,0.059366755,0.036939314,0.018469657
114,Johnny O'Bryant,CHO,36,379,0.142480211,0.036939314,0.245382586,0.036939314,0.023746702,0.015831135
115,Malik Monk,CHO,63,854,0.081967213,0.097189696,0.077283372,0.106557377,0.023419204,0.010538642
116,Mike James,TOT,36,687,0.141193595,0.037845706,0.131004367,0.183406114,0.040756914,0.010189229
117,Dante Exum,UTA,14,235,0.157446809,0.021276596,0.110638298,0.182978723,0.034042553,0.012765957
118,Rondae Hollis-Jefferson,BRK,68,1920,0.171354167,0.006770833,0.2390625,0.086979167,0.033854167,0.025
119,Markelle Fultz,PHI,14,253,0.177865613,0,0.169960474,0.209486166,0.04743083,0.015810277
120,Kelly Olynyk,MIA,76,1779,0.118043845,0.059584036,0.242270939,0.116357504,0.03485104,0.019673974
121,Dion Waiters,MIA,30,918,0.120915033,0.05664488,0.083877996,0.123093682,0.025054466,0.009803922
122,Andre Drummond,DET,78,2625,0.17752381,0,0.475047619,0.090285714,0.043428571,0.048380952
123,Paul Millsap,DEN,38,1143,0.142607174,0.034120735,0.214348206,0.090113736,0.034120735,0.038495188
124,John Collins,ATL,74,1785,0.166946779,0.008963585,0.303081232,0.054901961,0.026330532,0.044817927
125,Cheick Diallo,NOP,52,581,0.17555938,0,0.363166954,0.032702238,0.018932874,0.036144578
126,Jonathon Simmons,ORL,69,2029,0.140463282,0.0340069,0.117792016,0.084277969,0.02858551,0.007885658
127,Dario Saric,PHI,78,2310,0.106493506,0.067965368,0.225108225,0.087445887,0.022077922,0.008658009
128,Jaylen Brown,BOS,70,2152,0.117100372,0.056226766,0.160780669,0.052973978,0.032527881,0.012081784
129,Will Barton,DEN,81,2683,0.115169586,0.058143869,0.152441297,0.123369363,0.030562803,0.01938129
130,Marco Belinelli,TOT,80,1947,0.096558808,0.076527992,0.077041602,0.076014381,0.033898305,0.006163328
131,Sean Kilpatrick,TOT,52,640,0.1,0.071875,0.1359375,0.071875,0.0203125,0.0078125
132,Caris LeVert,BRK,71,1864,0.126072961,0.045600858,0.139484979,0.160944206,0.043991416,0.011802575
133,Mike Conley,MEM,12,373,0.107238606,0.064343164,0.072386059,0.131367292,0.032171582,0.008042895
134,Deyonta Davis,MEM,62,943,0.170731707,0,0.265111347,0.042417815,0.015906681,0.04135737
135,Malcolm Brogdon,MIL,48,1436,0.126740947,0.043175487,0.108635097,0.105849582,0.028551532,0.009052925
136,C.J. Miles,TOR,70,1337,0.047120419,0.122662678,0.11368736,0.041136874,0.027673897,0.015706806
137,Larry Nance,TOT,66,1421,0.167487685,0.00140746,0.318085855,0.057705841,0.06192822,0.026741731
138,Antonio Blakeney,CHI,19,314,0.121019108,0.047770701,0.105095541,0.063694268,0.022292994,0.003184713
139,Tyler Zeller,TOT,66,1109,0.159603246,0.009017133,0.275022543,0.042380523,0.013525699,0.031559964
140,Taurean Waller-Prince,ATL,82,2464,0.096996753,0.071428571,0.157873377,0.086850649,0.034496753,0.017045455
141,Markieff Morris,WAS,73,1968,0.129065041,0.038617886,0.207825203,0.072154472,0.028455285,0.019308943
142,Justin Anderson,PHI,38,519,0.102119461,0.065510597,0.179190751,0.048169557,0.028901734,0.013487476
143,Wayne Selden,MEM,35,692,0.096820809,0.070809249,0.080924855,0.095375723,0.026011561,0.007225434
144,Frank Kaminsky,CHO,79,1835,0.110626703,0.056675749,0.156948229,0.070299728,0.019618529,0.010354223
145,Ivan Rabb,MEM,36,516,0.166666667,0,0.30620155,0.062015504,0.023255814,0.025193798
146,Myles Turner,IND,65,1836,0.136165577,0.030501089,0.227124183,0.047385621,0.020697168,0.064270153
147,Tony Parker,SAS,55,1071,0.156862745,0.009337068,0.088702148,0.182072829,0.026143791,0.000933707
148,Troy Williams,TOT,21,307,0.13029316,0.035830619,0.205211726,0.052117264,0.06514658,0.013029316
149,Jakob Poeltl,TOR,82,1524,0.165354331,0.000656168,0.257874016,0.037401575,0.025590551,0.065616798
150,Austin Rivers,LAC,61,2057,0.099659699,0.066115702,0.070491006,0.117647059,0.03597472,0.007778318
151,Skal Labissiere,SAC,60,1240,0.150806452,0.014516129,0.232258065,0.058064516,0.02016129,0.039516129
152,Quinn Cook,GSW,33,740,0.102702703,0.062162162,0.110810811,0.12027027,0.016216216,0.001351351
153,Kenneth Faried,DEN,32,461,0.164859002,0,0.331887202,0.039045553,0.026030369,0.028199566
154,Mario Hezonja,ORL,75,1657,0.110440555,0.054315027,0.169583585,0.063971032,0.048883524,0.018708509
155,Raymond Felton,OKC,82,1365,0.104761905,0.059340659,0.114285714,0.148717949,0.035897436,0.011721612
156,Bojan Bogdanovic,IND,80,2464,0.101055195,0.062905844,0.109577922,0.048295455,0.022321429,0.003246753
157,Emmanuel Mudiay,TOT,64,1245,0.126104418,0.037751004,0.122088353,0.165461847,0.032931727,0.008835341
158,Lance Stephenson,IND,82,1850,0.127567568,0.036216216,0.229189189,0.127027027,0.024864865,0.009189189
159,E'Twaun Moore,NOP,82,2586,0.114075793,0.049497293,0.092034029,0.072312452,0.030549111,0.004640371
160,Jayson Tatum,BOS,80,2438,0.119770304,0.043068089,0.164889253,0.052502051,0.034044299,0.023789992
161,Jarrett Allen,BRK,72,1441,0.158917418,0.003469813,0.26925746,0.034004164,0.019430951,0.061068702
162,Omri Casspi,GSW,53,740,0.148648649,0.013513514,0.27027027,0.068918919,0.024324324,0.025675676
163,Dewayne Dedmon,ATL,62,1542,0.129701686,0.032425422,0.317120623,0.058365759,0.025940337,0.03307393
164,Al Horford,BOS,72,2277,0.119016249,0.042599912,0.232762407,0.148880105,0.018884497,0.034255599
165,Kyle O'Quinn,NYK,77,1387,0.158615717,0.002883922,0.338860851,0.113914924,0.025955299,0.070656092
166,Thaddeus Young,IND,81,2607,0.139240506,0.022247794,0.196394323,0.058304565,0.051783659,0.013808976
167,Jeff Green,CLE,78,1828,0.13238512,0.028993435,0.134573304,0.054157549,0.022428884,0.018599562
168,Tony Allen,NOP,22,273,0.146520147,0.014652015,0.172161172,0.032967033,0.04029304,0.010989011
169,Henry Ellenson,DET,38,329,0.100303951,0.060790274,0.246200608,0.060790274,0.015197568,0
170,Kyle Lowry,TOR,78,2510,0.065737052,0.094820717,0.172908367,0.213944223,0.033864542,0.007569721
171,Alec Burks,UTA,64,1059,0.116147309,0.044381492,0.181303116,0.063267233,0.034938621,0.007554297
172,Ersan Ilyasova,TOT,69,1729,0.107576634,0.052631579,0.234239445,0.05205321,0.035280509,0.015037594
173,Kosta Koufos,SAC,71,1391,0.159597412,0,0.339324227,0.062544932,0.033788641,0.023005032
174,James Johnson,MIA,73,1943,0.129696346,0.029336078,0.184251158,0.144107051,0.036026763,0.02624807
175,Kent Bazemore,ATL,65,1789,0.098378983,0.060368921,0.13862493,0.1274455,0.055897149,0.025153717
176,Pau Gasol,SAS,77,1812,0.134657837,0.023730684,0.341611479,0.131346578,0.013245033,0.043598234
177,Bogdan Bogdanovic,SAC,78,2175,0.098850575,0.059310345,0.102528736,0.11862069,0.033103448,0.007356322
178,Jason Smith,WAS,33,285,0.143859649,0.014035088,0.185964912,0.049122807,0.010526316,0.045614035
179,Darren Collison,IND,69,2018,0.109018831,0.047571853,0.088206145,0.182358771,0.045589693,0.007433102
180,Chandler Parsons,MEM,36,691,0.082489146,0.073806078,0.13024602,0.099855282,0.026049204,0.015918958
181,Taj Gibson,MIN,82,2726,0.153338225,0.002567865,0.214233309,0.036316948,0.022743947,0.021643434
182,Dejounte Murray,SAS,81,1743,0.149741824,0.005163511,0.263339071,0.13253012,0.055651176,0.017785427
183,Brandan Wright,TOT,28,381,0.154855643,0,0.249343832,0.034120735,0.034120735,0.06824147
184,Manu Ginobili,SAS,65,1299,0.105465743,0.049268668,0.109314858,0.125481139,0.033102386,0.012317167
185,Joe Harris,BRK,78,1975,0.078481013,0.075949367,0.13164557,0.064810127,0.017721519,0.010126582
186,Reggie Bullock,DET,62,1732,0.081986143,0.072170901,0.08891455,0.054849885,0.027136259,0.007505774
187,DeAndre Jordan,LAC,77,2424,0.153877888,0,0.483085809,0.048267327,0.016089109,0.029290429
188,Shaquille Harrison,PHO,23,384,0.138020833,0.015625,0.158854167,0.143229167,0.067708333,0.018229167
189,Mason Plumlee,DEN,74,1439,0.153578874,0,0.277970813,0.098679639,0.034051425,0.05628909
190,Ricky Rubio,UTA,77,2254,0.110913931,0.042590949,0.155723159,0.181898846,0.053682343,0.004880213
191,Damion Lee,ATL,15,404,0.116336634,0.037128713,0.175742574,0.071782178,0.047029703,0.002475248
192,Alex Len,PHO,69,1395,0.152688172,0.000716846,0.371326165,0.058781362,0.019354839,0.043727599
193,Allen Crabbe,BRK,75,2197,0.061902594,0.091488393,0.147473828,0.053254438,0.021392808,0.015930815
194,Zaza Pachulia,GSW,69,972,0.153292181,0,0.330246914,0.112139918,0.03909465,0.017489712
195,Jeff Teague,MIN,70,2311,0.11683254,0.036347901,0.09043704,0.212894851,0.044136737,0.009519688
196,Trevor Booker,TOT,68,1158,0.145941278,0.006908463,0.274611399,0.070811744,0.02417962,0.018134715
197,Terry Rozier,BOS,80,2068,0.078820116,0.073984526,0.181818182,0.112185687,0.03868472,0.009187621
198,Fred VanVleet,TOR,76,1520,0.081578947,0.071052632,0.121052632,0.159868421,0.044736842,0.0125
199,Ian Clark,NOP,74,1455,0.109965636,0.042611684,0.087285223,0.075601375,0.022680412,0.006872852
200,Dwight Powell,DAL,79,1672,0.13576555,0.016746411,0.265550239,0.054425837,0.04007177,0.019138756
201,Michael Kidd-Gilchrist,CHO,74,1850,0.152432432,0,0.163243243,0.038378378,0.027567568,0.017297297
202,Shaun Livingston,GSW,71,1129,0.15234721,0,0.116031887,0.124003543,0.031000886,0.018600531
203,Danilo Gallinari,LAC,21,671,0.098360656,0.053651267,0.15052161,0.061102832,0.017883756,0.01490313
204,Rudy Gobert,UTA,56,1816,0.151982379,0,0.330947137,0.044052863,0.024229075,0.071035242
205,Damyean Dotson,NYK,44,474,0.105485232,0.046413502,0.17721519,0.065400844,0.025316456,0.004219409
206,Pascal Siakam,TOR,81,1679,0.133412746,0.017272186,0.216795712,0.094699226,0.036926742,0.02501489
207,Tyler Johnson,MIA,72,2052,0.092592593,0.057992203,0.1208577,0.080409357,0.029239766,0.016569201
208,Luke Kornet,NYK,20,326,0.064417178,0.085889571,0.196319018,0.079754601,0.018404908,0.049079755
209,Channing Frye,TOT,53,695,0.09352518,0.056115108,0.194244604,0.054676259,0.025899281,0.018705036
210,Cameron Payne,CHI,25,582,0.089347079,0.060137457,0.118556701,0.194158076,0.04467354,0.015463918
211,DeMarre Carroll,BRK,73,2180,0.082568807,0.066513761,0.219724771,0.067431193,0.02706422,0.013761468
212,Ivica Zubac,LAL,43,410,0.148780488,0,0.3,0.06097561,0.019512195,0.036585366
213,Courtney Lee,NYK,76,2310,0.0995671,0.048917749,0.096969697,0.077922078,0.034632035,0.007359307
214,Josh Richardson,MIA,81,2689,0.101152845,0.047229453,0.105987356,0.085905541,0.044998141,0.027891409
215,Davis Bertans,SAS,77,1086,0.061694291,0.086556169,0.140883978,0.068139963,0.023941068,0.025782689
216,Jerami Grant,OKC,81,1647,0.128718883,0.019429265,0.193685489,0.034608379,0.018822101,0.04675167
217,Tyler Dorsey,ATL,56,974,0.073921971,0.073921971,0.133470226,0.08110883,0.017453799,0.00513347
218,Thabo Sefolosha,UTA,38,806,0.106699752,0.039702233,0.199751861,0.040942928,0.064516129,0.014888337
219,Frank Mason,SAC,52,984,0.114837398,0.031504065,0.132113821,0.149390244,0.034552846,0.010162602
220,Langston Galloway,DET,58,863,0.059096176,0.086906141,0.106604867,0.067207416,0.040556199,0.005793743
221,John Henson,MIL,76,1970,0.145177665,0.000507614,0.260406091,0.05786802,0.02284264,0.055329949
222,Shabazz Napier,POR,74,1535,0.091856678,0.053420195,0.110749186,0.09771987,0.05276873,0.009120521
223,Sam Dekker,LAC,73,883,0.133635334,0.011325028,0.197055493,0.043035108,0.027180068,0.010192525
224,Timofey Mozgov,BRK,31,359,0.133704735,0.011142061,0.272980501,0.030640669,0.013927577,0.036211699
225,Dillon Brooks,MEM,82,2350,0.104680851,0.04,0.109361702,0.057446809,0.03106383,0.007234043
226,JaMychal Green,MEM,55,1542,0.116731518,0.027885863,0.300907912,0.051232166,0.02075227,0.016212711
227,Nick Young,GSW,80,1393,0.055994257,0.088298636,0.089734386,0.025843503,0.027279253,0.005025126
228,Ben McLemore,MEM,56,1091,0.093492209,0.050412466,0.127406049,0.046746104,0.034830431,0.013748854
229,Patrick Beverley,LAC,11,334,0.071856287,0.071856287,0.134730539,0.095808383,0.053892216,0.01497006
230,Denzel Valentine,CHI,77,2095,0.075417661,0.068257757,0.187589499,0.11646778,0.031026253,0.005250597
231,Jordan Bell,GSW,57,809,0.143386897,0,0.255871446,0.126081582,0.043263288,0.069221261
232,Joe Young,IND,53,558,0.098566308,0.044802867,0.112903226,0.069892473,0.025089606,0.001792115
233,Troy Daniels,PHO,79,1622,0.030209618,0.112823674,0.078298397,0.029593095,0.016029593,0.003082614
234,Kelly Oubre,WAS,81,2231,0.086060063,0.056476916,0.162707306,0.04392649,0.035858359,0.015688032
235,Aron Baynes,BOS,81,1485,0.139393939,0.002020202,0.292255892,0.062626263,0.014814815,0.034343434
236,Norman Powell,TOR,70,1062,0.0913371,0.049905838,0.112052731,0.083804143,0.034839925,0.015065913
237,Kyle Korver,CLE,73,1574,0.036848793,0.104193139,0.104828463,0.055908513,0.019695044,0.017153748
238,Luke Kennard,DET,73,1463,0.085440875,0.055365687,0.120300752,0.084757348,0.030075188,0.008885851
239,Spencer Dinwiddie,BRK,80,2306,0.079358196,0.06114484,0.112315698,0.227233304,0.029488291,0.009973981
240,Jodie Meeks,WAS,77,1119,0.075960679,0.064343164,0.112600536,0.062555853,0.025915996,0.00357462
241,Delon Wright,TOR,69,1433,0.101186322,0.039078856,0.138171668,0.139567341,0.050244243,0.023028611
242,Jonas Jerebko,UTA,74,1134,0.082892416,0.057319224,0.216931217,0.037037037,0.021164021,0.010582011
243,Tarik Black,HOU,51,536,0.138059701,0.001865672,0.304104478,0.024253731,0.039179104,0.055970149
244,Marcin Gortat,WAS,82,2075,0.139759036,0,0.300240964,0.072771084,0.019277108,0.02939759
245,Isaiah Taylor,ATL,67,1167,0.122536418,0.017137961,0.080548415,0.176520994,0.029134533,0.00856898
246,Wayne Ellington,MIA,77,2041,0.028417442,0.11121999,0.106810387,0.038706516,0.025967663,0.003919647
247,Devin Harris,TOT,71,1340,0.080597015,0.058955224,0.094776119,0.113432836,0.035074627,0.008955224
248,Gorgui Dieng,MIN,79,1333,0.12528132,0.014253563,0.270067517,0.053263316,0.03375844,0.029257314
249,T.J. Leaf,IND,53,459,0.100217865,0.039215686,0.178649237,0.019607843,0.010893246,0.008714597
250,Danuel House,PHO,23,403,0.101736973,0.037220844,0.188585608,0.062034739,0.017369727,0.014888337
251,Jamil Wilson,LAC,15,274,0.040145985,0.098540146,0.116788321,0.03649635,0.018248175,0.02919708
252,D.J. Augustin,ORL,75,1760,0.073863636,0.064772727,0.090909091,0.163068182,0.030681818,0
253,Raul Neto,UTA,41,498,0.100401606,0.03815261,0.098393574,0.15060241,0.026104418,0.008032129
254,Kentavious Caldwell-Pope,LAL,74,2458,0.073637103,0.064686737,0.157445077,0.065907242,0.043124491,0.006509357
255,Bryn Forbes,SAS,80,1517,0.079103494,0.058668425,0.072511536,0.052735662,0.018457482,0.001318392
256,Tyler Ennis,LAL,54,683,0.117130307,0.020497804,0.13909224,0.153733529,0.043923865,0.014641288
257,Isaiah Hicks,NYK,18,240,0.129166667,0.008333333,0.170833333,0.066666667,0.008333333,0.016666667
258,Jordan Mickey,MIA,23,284,0.13028169,0.007042254,0.288732394,0.031690141,0.021126761,0.035211268
259,Andrew Harrison,MEM,56,1326,0.101055807,0.035444947,0.098793363,0.133484163,0.028657617,0.019607843
260,Nicolas Batum,CHO,64,1981,0.089853609,0.046441191,0.154467441,0.17617365,0.032811711,0.011610298
261,Yogi Ferrell,DAL,82,2282,0.077563541,0.058720421,0.109114812,0.088080631,0.028045574,0.003943909
262,Robert Covington,PHI,80,2532,0.056082148,0.080173776,0.171011058,0.061611374,0.054107425,0.028436019
263,Emeka Okafor,NOP,26,353,0.135977337,0,0.339943343,0.02266289,0.02266289,0.07082153
264,Gary Payton,TOT,23,221,0.108597285,0.027149321,0.199095023,0.095022624,0.031674208,0.013574661
265,Cody Zeller,CHO,33,627,0.132376396,0.003189793,0.282296651,0.049441786,0.022328549,0.033492823
266,Rajon Rondo,NOP,65,1705,0.106158358,0.029325513,0.154252199,0.312609971,0.041055718,0.005865103
267,Mike Muscala,ATL,53,1060,0.076415094,0.058490566,0.216981132,0.048113208,0.029245283,0.025471698
268,Daniel Theis,BOS,63,936,0.115384615,0.019230769,0.292735043,0.05982906,0.032051282,0.051282051
269,Doug McDermott,TOT,81,1768,0.082013575,0.052036199,0.113122172,0.044683258,0.010746606,0.009049774
270,Cedi Osman,CLE,61,672,0.086309524,0.047619048,0.178571429,0.061011905,0.032738095,0.004464286
271,Milos Teodosic,LAC,45,1134,0.055555556,0.077601411,0.111111111,0.184303351,0.020282187,0.004409171
272,Jarell Martin,MEM,73,1661,0.112582781,0.020469597,0.191450933,0.043949428,0.023479831,0.029500301
273,Patty Mills,SAS,82,2107,0.059800664,0.073089701,0.073089701,0.108685335,0.026103465,0.005220693
274,Wesley Matthews,DAL,63,2131,0.061004223,0.071797278,0.092914125,0.08071328,0.035664008,0.007508212
275,Marquese Chriss,PHO,72,1527,0.095612312,0.036673215,0.258677145,0.054354944,0.033398821,0.045841519
276,Brandon Jennings,MIL,14,205,0.087804878,0.043902439,0.151219512,0.214634146,0.029268293,0.019512195
277,Shelvin Mack,ORL,69,1365,0.095238095,0.035164835,0.121611722,0.199267399,0.03956044,0.005860806
278,George Hill,TOT,67,1812,0.083333333,0.046909492,0.099889625,0.102649007,0.033664459,0.014900662
279,Cristiano Felicio,CHI,55,977,0.129989765,0,0.238485159,0.05629478,0.016376663,0.011258956
280,Joe Ingles,UTA,82,2578,0.050814585,0.079131109,0.133436773,0.152055857,0.034910784,0.007757952
281,Jae Crowder,TOT,80,2090,0.077033493,0.052631579,0.131578947,0.047368421,0.03062201,0.010047847
282,Tyler Cavanaugh,ATL,39,518,0.067567568,0.061776062,0.245173745,0.052123552,0.017374517,0.007722008
283,Tyrone Wallace,LAC,30,851,0.117508813,0.011750881,0.123384254,0.083431257,0.03172738,0.015276146
284,Marvin Williams,CHO,78,2006,0.065802592,0.062811565,0.18444666,0.047856431,0.027916251,0.01894317
285,Justin Holiday,CHI,72,2265,0.056953642,0.071081678,0.128476821,0.067549669,0.035320088,0.013686534
286,JaKarr Sampson,SAC,22,344,0.113372093,0.014534884,0.226744186,0.026162791,0.023255814,0.063953488
287,Luke Babbitt,TOT,50,715,0.043356643,0.083916084,0.134265734,0.043356643,0.011188811,0.00979021
288,Bam Adebayo,MIA,69,1368,0.127192982,0,0.278508772,0.073830409,0.023391813,0.02997076
289,Evan Turner,POR,79,2034,0.10619469,0.020648968,0.119960669,0.085054081,0.023107178,0.01425762
290,Terrence Ross,ORL,24,600,0.076666667,0.05,0.121666667,0.063333333,0.045,0.018333333
291,Malik Beasley,DEN,62,583,0.077186964,0.048027444,0.121783877,0.053173242,0.025728988,0.012006861
292,Maxi Kleber,DAL,72,1206,0.092039801,0.033167496,0.194029851,0.042288557,0.021558872,0.038971808
293,Nemanja Bjelica,MIN,67,1371,0.069292487,0.05543399,0.199854121,0.062727936,0.03646973,0.011670314
294,Anthony Tolliver,DET,79,1757,0.034149118,0.090495162,0.137165623,0.051223677,0.018212863,0.011952191
295,Alec Peters,PHO,20,225,0.044444444,0.08,0.164444444,0.053333333,0.008888889,0.008888889
296,Jerian Grant,CHI,74,1686,0.087781732,0.036180308,0.102016607,0.202846975,0.037366548,0.004744958
297,Timothe Luwawu-Cabarrot,PHI,52,807,0.058240397,0.065675341,0.089219331,0.066914498,0.014869888,0.006195787
298,Isaiah Canaan,TOT,20,422,0.071090047,0.052132701,0.106635071,0.180094787,0.037914692,0.002369668
299,Garrett Temple,SAC,65,1615,0.068111455,0.055108359,0.094117647,0.076780186,0.035294118,0.016718266
300,Justise Winslow,MIA,68,1680,0.094047619,0.029166667,0.219642857,0.088095238,0.032142857,0.019642857
301,Tristan Thompson,CLE,53,1072,0.123134328,0,0.328358209,0.030783582,0.014925373,0.015858209
302,T.J. McConnell,PHI,76,1706,0.107268464,0.015826495,0.132473623,0.177608441,0.053927315,0.007620164
303,Kevon Looney,GSW,66,910,0.121978022,0.001098901,0.236263736,0.046153846,0.037362637,0.061538462
304,C.J. Williams,LAC,38,707,0.091937765,0.031117397,0.079207921,0.060820368,0.043847242,0.018387553
305,Draymond Green,GSW,70,2287,0.089199825,0.033668561,0.233930914,0.222125055,0.041539134,0.039790118
306,Justin Jackson,SAC,68,1506,0.08499336,0.037848606,0.124169987,0.049136786,0.018592297,0.008632138
307,David Nwaba,CHI,70,1646,0.111786148,0.010935601,0.198055893,0.063183475,0.035844471,0.017618469
308,Bismack Biyombo,ORL,82,1495,0.122408027,0,0.313043478,0.044147157,0.014046823,0.063545151
309,Tomas Satoransky,WAS,73,1643,0.09373098,0.028606208,0.141813755,0.17407182,0.031649422,0.009129641
310,Jarrett Jack,NYK,62,1548,0.105943152,0.016149871,0.123385013,0.224806202,0.022609819,0.002583979
311,Joe Johnson,TOT,55,1205,0.087966805,0.033195021,0.142738589,0.068879668,0.014937759,0.005809129
312,Danny Green,SAS,70,1791,0.056393076,0.064768286,0.139028476,0.061418202,0.035175879,0.044667783
313,Salah Mejri,DAL,61,729,0.120713306,0,0.33744856,0.048010974,0.030178326,0.091906722
314,Ian Mahinmi,WAS,77,1145,0.120524017,0,0.272489083,0.04628821,0.033187773,0.036681223
315,Josh Hart,LAL,63,1461,0.067077344,0.05338809,0.180013689,0.054757016,0.032169747,0.010951403
316,Rodney McGruder,MIA,18,299,0.070234114,0.050167224,0.107023411,0.056856187,0.026755853,0.010033445
317,Ryan Anderson,HOU,66,1725,0.044057971,0.075942029,0.191884058,0.034782609,0.013913043,0.012173913
318,Wilson Chandler,DEN,74,2346,0.08226769,0.037510656,0.169650469,0.068201194,0.018329071,0.016624041
319,Amir Johnson,PHI,74,1171,0.111016225,0.00853971,0.281810418,0.100768574,0.038428693,0.037574722
320,Noah Vonleh,TOT,54,875,0.096,0.022857143,0.355428571,0.038857143,0.021714286,0.019428571
321,Mario Chalmers,MEM,66,1421,0.080928923,0.037297678,0.110485574,0.138634764,0.055594652,0.009852217
322,Trevor Ariza,HOU,67,2269,0.043190833,0.074922874,0.129572499,0.046275892,0.043190833,0.005729396
323,Jerryd Bayless,PHI,39,925,0.059459459,0.058378378,0.086486486,0.058378378,0.024864865,0.006486486
324,Khem Birch,ORL,42,578,0.117647059,0,0.311418685,0.058823529,0.025951557,0.03633218
325,Corey Brewer,TOT,72,1208,0.091887417,0.025662252,0.127483444,0.053807947,0.065397351,0.011589404
326,Lucas Nogueira,TOR,49,418,0.105263158,0.011961722,0.208133971,0.052631579,0.055023923,0.102870813
327,Marcus Smart,BOS,54,1614,0.07063197,0.046468401,0.117100372,0.16047088,0.043990087,0.01425031
328,Kyle Anderson,SAS,74,1978,0.107178969,0.009605662,0.200202224,0.102123357,0.058139535,0.03033367
329,Nerlens Noel,DAL,30,472,0.116525424,0,0.355932203,0.042372881,0.065677966,0.046610169
330,Maurice Harkless,POR,59,1264,0.077531646,0.038765823,0.128164557,0.04193038,0.037974684,0.034018987
331,Cory Joseph,IND,82,2210,0.085520362,0.030316742,0.119004525,0.117647059,0.036199095,0.008144796
332,Ed Davis,POR,78,1471,0.115567641,0,0.390890551,0.027192386,0.021753909,0.035350102
333,Nik Stauskas,TOT,41,523,0.038240918,0.076481836,0.122370937,0.07456979,0.017208413,0.007648184
334,Miles Plumlee,ATL,55,918,0.114379085,0,0.248366013,0.049019608,0.018518519,0.032679739
335,Lonzo Ball,LAL,52,1780,0.063483146,0.050561798,0.202247191,0.211235955,0.049438202,0.024157303
336,James Ennis,TOT,72,1604,0.081670823,0.031795511,0.139650873,0.044264339,0.029301746,0.011221945
337,Vince Carter,SAC,58,1026,0.055555556,0.055555556,0.144249513,0.067251462,0.040935673,0.025341131
338,Darius Miller,NOP,82,1944,0.035493827,0.075617284,0.08436214,0.057098765,0.014403292,0.008744856
339,Jamel Artis,ORL,15,279,0.082437276,0.028673835,0.136200717,0.064516129,0.007168459,0.010752688
340,Al-Farouq Aminu,POR,69,2072,0.050675676,0.060328185,0.253378378,0.040540541,0.038127413,0.019305019
341,Pat Connaughton,POR,82,1488,0.061155914,0.049731183,0.108198925,0.061155914,0.015456989,0.014784946
342,Stanley Johnson,DET,69,1894,0.075501584,0.035374868,0.133051742,0.059134108,0.050158395,0.007391763
343,Guerschon Yabusele,BOS,33,235,0.059574468,0.05106383,0.221276596,0.068085106,0.017021277,0.021276596
344,OG Anunoby,TOR,74,1481,0.06076975,0.04929102,0.124240378,0.03713707,0.035111411,0.009453072
345,Zach Collins,POR,66,1045,0.076555024,0.033492823,0.211483254,0.049760766,0.016267943,0.029665072
346,Travis Wear,LAL,17,228,0.035087719,0.074561404,0.166666667,0.030701754,0.01754386,0.021929825
347,Rashad Vaughn,TOT,28,212,0.04245283,0.066037736,0.099056604,0.061320755,0.023584906,0.014150943
348,Myke Henry,MEM,20,378,0.058201058,0.05026455,0.100529101,0.058201058,0.082010582,0.015873016
349,Shane Larkin,BOS,54,775,0.068387097,0.04,0.118709677,0.126451613,0.037419355,0.003870968
350,Malcolm Delaney,ATL,54,1014,0.062130178,0.045364892,0.098619329,0.160749507,0.034516765,0.00591716
351,Ramon Sessions,TOT,28,392,0.086734694,0.020408163,0.096938776,0.196428571,0.035714286,0.005102041
352,J.R. Smith,CLE,80,2244,0.043226381,0.06372549,0.104723708,0.062834225,0.03030303,0.004901961
353,Glenn Robinson,IND,23,338,0.065088757,0.041420118,0.109467456,0.050295858,0.038461538,0.00295858
354,Luc Mbah a Moute,HOU,61,1564,0.065856777,0.04028133,0.118925831,0.03516624,0.046035806,0.015984655
355,Sterling Brown,MIL,54,776,0.06443299,0.041237113,0.184278351,0.032216495,0.039948454,0.016752577
356,Tyson Chandler,PHO,46,1151,0.105125977,0,0.363162467,0.046046916,0.013900956,0.023457863
357,Thon Maker,MIL,74,1238,0.07996769,0.025040388,0.18174475,0.037156704,0.030694669,0.042810985
358,Dante Cunningham,TOT,73,1562,0.067861716,0.037131882,0.19078105,0.030729834,0.02496799,0.019206146
359,Juan Hernangomez,DEN,25,277,0.054151625,0.050541516,0.194945848,0.0433213,0.02166065,0.010830325
360,Royce O'Neale,UTA,69,1150,0.067826087,0.036521739,0.205217391,0.082608696,0.031304348,0.013913043
361,Dorian Finney-Smith,DAL,21,448,0.058035714,0.044642857,0.167410714,0.058035714,0.022321429,0.008928571
362,Jonathan Isaac,ORL,27,536,0.072761194,0.029850746,0.184701493,0.03358209,0.061567164,0.055970149
363,Tyus Jones,MIN,82,1467,0.071574642,0.030674847,0.08997955,0.158145876,0.06475801,0.00408998
364,Jose Calderon,CLE,57,914,0.052516411,0.049234136,0.09190372,0.128008753,0.029540481,0.002188184
365,Alex Abrines,OKC,75,1134,0.027336861,0.074074074,0.100529101,0.024691358,0.0335097,0.007054674
366,Dwayne Bacon,CHO,53,713,0.085553997,0.01542777,0.173913043,0.053295933,0.022440393,0.002805049
367,Wesley Johnson,LAC,74,1486,0.060565276,0.040376851,0.145356662,0.041049798,0.051144011,0.041722746
368,Torrey Craig,DEN,39,629,0.07154213,0.027027027,0.20190779,0.039745628,0.019077901,0.023847377
369,Patrick McCaw,GSW,57,961,0.075962539,0.019771072,0.085327784,0.084287201,0.044745057,0.010405827
370,Quincy Acy,BRK,70,1359,0.020603385,0.075055188,0.188373804,0.041942605,0.024282561,0.02133922
371,Brandon Paul,SAS,64,576,0.069444444,0.026041667,0.118055556,0.064236111,0.043402778,0.012152778
372,Arron Afflalo,ORL,53,682,0.055718475,0.039589443,0.096774194,0.04398827,0.005865103,0.013196481
373,Jameer Nelson,TOT,50,1013,0.053307009,0.04047384,0.10266535,0.176702863,0.026653504,0.003948667
374,Marcus Georges-Hunt,MIN,42,224,0.075892857,0.017857143,0.071428571,0.03125,0.026785714,0
375,Terrance Ferguson,OKC,61,763,0.03931848,0.05242464,0.061598952,0.024901704,0.031454784,0.01310616
376,Treveon Graham,CHO,63,1050,0.053333333,0.038095238,0.115238095,0.056190476,0.031428571,0.001904762
377,Andre Iguodala,GSW,64,1622,0.070900123,0.020345253,0.151664612,0.12946979,0.033292232,0.023427867
378,Wesley Iwundu,ORL,62,1020,0.082352941,0.008823529,0.134313725,0.055882353,0.032352941,0.011764706
379,Michael Carter-Williams,CHO,52,835,0.074251497,0.016766467,0.165269461,0.138922156,0.052694611,0.02754491
380,Dragan Bender,PHO,82,2069,0.033349444,0.057032383,0.174480425,0.062832286,0.010633156,0.02561624
381,Tony Snell,MIL,75,2053,0.037506089,0.052605943,0.068679981,0.047735022,0.022893327,0.013638578
382,Alex Caruso,LAL,37,562,0.065836299,0.023131673,0.115658363,0.133451957,0.040925267,0.017793594
383,Sindarius Thornwell,LAC,73,1156,0.066608997,0.019896194,0.121107266,0.058823529,0.041522491,0.021626298
384,Derrick Jones,TOT,20,245,0.073469388,0.012244898,0.155102041,0.036734694,0.016326531,0.053061224
385,Andre Roberson,OKC,39,1037,0.076181292,0.007714561,0.178399229,0.044358727,0.043394407,0.033751205
386,Patrick Patterson,OKC,82,1270,0.031496063,0.051968504,0.151968504,0.04488189,0.037795276,0.018110236
387,Eric Moreland,DET,67,805,0.081987578,0,0.345341615,0.09689441,0.038509317,0.063354037
388,Aaron Harrison,DAL,9,233,0.042918455,0.038626609,0.103004292,0.0472103,0.038626609,0.008583691
389,Tim Frazier,WAS,59,838,0.060859189,0.020286396,0.137231504,0.23150358,0.056085919,0.008353222
390,Briante Weber,TOT,18,237,0.063291139,0.016877637,0.147679325,0.092827004,0.075949367,0.021097046
391,Iman Shumpert,CLE,14,276,0.054347826,0.025362319,0.148550725,0.061594203,0.032608696,0.014492754
392,Kyle Collinsworth,DAL,32,480,0.070833333,0.008333333,0.222916667,0.116666667,0.035416667,0.01875
393,Andrew Bogut,LAL,23,216,0.078703704,0,0.361111111,0.069444444,0.018518519,0.060185185
394,Matthew Dellavedova,MIL,38,712,0.036516854,0.040730337,0.08988764,0.203651685,0.019662921,0
395,P.J. Tucker,HOU,82,2281,0.02498904,0.050416484,0.200350723,0.033757124,0.034195528,0.011398509
396,Lance Thomas,NYK,73,1353,0.038433112,0.036954915,0.129342203,0.032520325,0.022172949,0.010347376
397,Ekpe Udoh,UTA,63,810,0.074074074,0,0.185185185,0.065432099,0.05308642,0.091358025
398,Jason Terry,MIL,51,814,0.023341523,0.049140049,0.058968059,0.072481572,0.051597052,0.015970516
399,Jared Dudley,PHO,48,686,0.027696793,0.042274052,0.137026239,0.113702624,0.034985423,0.016034985
400,Josh Magette,ATL,18,216,0.032407407,0.037037037,0.087962963,0.263888889,0.037037037,0.00462963
401,Josh Huestis,OKC,69,982,0.027494908,0.033604888,0.16395112,0.020366599,0.015274949,0.043788187
402,Semi Ojeleye,BOS,73,1150,0.02173913,0.034782609,0.14,0.017391304,0.01826087,0.003478261
403,Ryan Arcidiacono,CHI,24,304,0.026315789,0.029605263,0.082236842,0.115131579,0.042763158,0
404,DeAndre Liggins,TOT,58,724,0.029005525,0.026243094,0.10359116,0.066298343,0.051104972,0.019337017
405,Ron Baker,NYK,29,385,0.023376623,0.028571429,0.077922078,0.122077922,0.067532468,0.015584416